{"cameraMode":{"drawMode":0,"name":"Shaded","section":"Shading Mode"},"sceneLighting":true,"audioPlay":false,"sceneViewState":{"m_AlwaysRefresh":false,"showFog":true,"showSkybox":true,"showFlares":true,"showImageEffects":true,"showParticleSystems":true,"showVisualEffectGraphs":true,"m_FxEnabled":true},"in2DMode":false,"pivot":{"x":-18.062559127807618,"y":-12.470087051391602,"z":21.610383987426759},"rotation":{"x":-0.16858096420764924,"y":-0.7276127338409424,"z":0.19263654947280885,"w":-0.6362420320510864},"size":18.390993118286134,"orthographic":false}