{"cameraMode":{"drawMode":0,"name":"Shaded","section":"Shading Mode"},"sceneLighting":true,"audioPlay":false,"sceneViewState":{"m_AlwaysRefresh":false,"showFog":true,"showSkybox":true,"showFlares":true,"showImageEffects":true,"showParticleSystems":true,"showVisualEffectGraphs":true,"m_FxEnabled":true},"in2DMode":false,"pivot":{"x":2.7364931106567385,"y":0.9324147701263428,"z":-3.0893948078155519},"rotation":{"x":0.06956148892641068,"y":0.9255723357200623,"z":-0.3077525198459625,"w":0.20920881628990174},"size":4.121099472045898,"orthographic":false}