{"cameraMode":{"drawMode":0,"name":"Shaded","section":"Shading Mode"},"sceneLighting":true,"audioPlay":false,"sceneViewState":{"m_AlwaysRefresh":false,"showFog":true,"showSkybox":true,"showFlares":true,"showImageEffects":true,"showParticleSystems":true,"showVisualEffectGraphs":true,"m_FxEnabled":true},"in2DMode":false,"pivot":{"x":-1.5891337394714356,"y":6.981825828552246,"z":9.131542205810547},"rotation":{"x":0.012282985262572766,"y":0.9874904155731201,"z":-0.12147431820631027,"w":0.09987308084964752},"size":17.73821258544922,"orthographic":false}