{"cameraMode":{"drawMode":0,"name":"Shaded","section":"Shading Mode"},"sceneLighting":true,"audioPlay":false,"sceneViewState":{"m_AlwaysRefresh":false,"showFog":true,"showSkybox":true,"showFlares":true,"showImageEffects":true,"showParticleSystems":true,"showVisualEffectGraphs":true,"m_FxEnabled":true},"in2DMode":false,"pivot":{"x":-7.105555534362793,"y":0.30006811022758486,"z":-12.605856895446778},"rotation":{"x":0.13116100430488587,"y":-0.6294678449630737,"z":0.10887999832630158,"w":0.7580206394195557},"size":3.490365982055664,"orthographic":false}