{"cameraMode":{"drawMode":0,"name":"Shaded","section":"Shading Mode"},"sceneLighting":true,"audioPlay":false,"sceneViewState":{"m_AlwaysRefresh":false,"showFog":true,"showSkybox":true,"showFlares":true,"showImageEffects":true,"showParticleSystems":true,"showVisualEffectGraphs":true,"m_FxEnabled":true},"in2DMode":false,"pivot":{"x":817.3129272460938,"y":577.8829956054688,"z":-19.668060302734376},"rotation":{"x":0.01230133231729269,"y":0.040482234209775928,"z":-0.0004539607325568795,"w":0.9991176128387451},"size":198.3592529296875,"orthographic":false}